{
  "Sample": {
    "Title": "Authorization in a web app using Azure AD application roles & role claims",
    "Level": 400,
    "Client": ".NET 4.6.1 Web App (MVC)",
    "Service": "ASP.NET Web API"
  },

  /*
    This section describes the Azure AD Applications to configure, and their dependencies
  */
  "AADApps": [
    {
      "Id": "service",
      "Name": "TaskTrackerWebApp-RoleClaims",
      "IsPublicClient": false,
      "HomePage": "https://localhost:44322/",
      "ReplyUrls": "https://localhost:44322/",
      "LogoutUrl": "https://localhost:44322/Account/EndSession",
      "RequiredResourcesAccess": [
        {
          "Resource": "Microsoft Graph",
          "DelegatedPermissions": [ "Directory.Read.All","User.Read" ]
        }
      ],"ManualSteps": [
        { "Comment": "Run the ..\\CreateUsersAndRoles.ps1 command to automatically create a number of users, app roles and assign users to these roles or refer to the 'Define your application roles' section in README on how to configure your newly created app further for this sample." }
      ]
    }
  ],

  /*
    This section describes how to update the code in configuration files from the apps coordinates, once the apps
    are created in Azure AD.
    Each section describes a configuration file, for one of the apps, it's type (XML, JSon, plain text), its location
    with respect to the root of the sample, and the mappping (which string in the config file is mapped to which value
  */
  "CodeConfiguration": [
    {
      "App": "service",
      "SettingKind": "XML",
      "SettingFile": "\\..\\WebApp-RoleClaims-DotNet\\Web.Config",
      "Mappings": [
        {
          "key": "ida:ClientId",
          "value": ".AppId"
        },        
        {
          "key": "ida:TenantId",
          "value": "$tenantId"
        },
        {
          "key": "ida:PostLogoutRedirectUri",
          "value": ".HomePage"
        }
      ]
    }    
  ]
}
